USE [USUARIOS_DataMart]
GO
/****** Object:  Table [dbo].[DIM_CATEGORIAS]    Script Date: 27/04/2018 11:19:26 ******/
SET ANSI_NULLS ON
GO
SET QUOTED_IDENTIFIER ON
GO
SET ANSI_PADDING ON
GO
CREATE TABLE [dbo].[DIM_CATEGORIAS](
	[CODIGO_CATEGORIA] [int] NOT NULL,
	[NOMBRE_CATEGORIA] [varchar](100) NOT NULL,
 CONSTRAINT [PK_DIM_CATEGORIAS] PRIMARY KEY CLUSTERED 
(
	[CODIGO_CATEGORIA] ASC
)WITH (PAD_INDEX = OFF, STATISTICS_NORECOMPUTE = OFF, IGNORE_DUP_KEY = OFF, ALLOW_ROW_LOCKS = ON, ALLOW_PAGE_LOCKS = ON) ON [PRIMARY]
) ON [PRIMARY]

GO
SET ANSI_PADDING OFF
GO
/****** Object:  Table [dbo].[DIM_NOTICIAS]    Script Date: 27/04/2018 11:19:26 ******/
SET ANSI_NULLS ON
GO
SET QUOTED_IDENTIFIER ON
GO
SET ANSI_PADDING ON
GO
CREATE TABLE [dbo].[DIM_NOTICIAS](
	[CODIGO_NOTICIA] [int] NOT NULL,
	[AUTOR_NOTICIA] [varchar](300) NOT NULL,
	[TITULO_NOTICIA] [varchar](250) NOT NULL,
	[FECHA_PUBLICACION] [datetime2](7) NOT NULL,
 CONSTRAINT [PK_DIM_NOTICIAS] PRIMARY KEY CLUSTERED 
(
	[CODIGO_NOTICIA] ASC
)WITH (PAD_INDEX = OFF, STATISTICS_NORECOMPUTE = OFF, IGNORE_DUP_KEY = OFF, ALLOW_ROW_LOCKS = ON, ALLOW_PAGE_LOCKS = ON) ON [PRIMARY]
) ON [PRIMARY]

GO
SET ANSI_PADDING OFF
GO
/****** Object:  Table [dbo].[DIM_TIEMPO_NOTICIAS]    Script Date: 27/04/2018 11:19:26 ******/
SET ANSI_NULLS ON
GO
SET QUOTED_IDENTIFIER ON
GO
CREATE TABLE [dbo].[DIM_TIEMPO_NOTICIAS](
	[CODIGO_TIEMPO] [int] NOT NULL,
	[DIA] [int] NOT NULL,
	[MES] [int] NOT NULL,
	[ANIO] [int] NOT NULL,
	[FECHA_PUBLICACION] [datetime2](0) NOT NULL,
 CONSTRAINT [PK_DIM_TIEMPO_NOTICIAS] PRIMARY KEY CLUSTERED 
(
	[CODIGO_TIEMPO] ASC
)WITH (PAD_INDEX = OFF, STATISTICS_NORECOMPUTE = OFF, IGNORE_DUP_KEY = OFF, ALLOW_ROW_LOCKS = ON, ALLOW_PAGE_LOCKS = ON) ON [PRIMARY]
) ON [PRIMARY]

GO
/****** Object:  Table [dbo].[DIM_TIEMPO_USUARIOS]    Script Date: 27/04/2018 11:19:26 ******/
SET ANSI_NULLS ON
GO
SET QUOTED_IDENTIFIER ON
GO
CREATE TABLE [dbo].[DIM_TIEMPO_USUARIOS](
	[CODIGO_TIEMPO] [int] NOT NULL,
	[DIA] [int] NULL,
	[MES] [int] NULL,
	[ANIO] [int] NULL,
	[FECHA_REGISTRO] [datetime2](0) NULL,
 CONSTRAINT [PK_DIM_TIEMPO_USUARIOS] PRIMARY KEY CLUSTERED 
(
	[CODIGO_TIEMPO] ASC
)WITH (PAD_INDEX = OFF, STATISTICS_NORECOMPUTE = OFF, IGNORE_DUP_KEY = OFF, ALLOW_ROW_LOCKS = ON, ALLOW_PAGE_LOCKS = ON) ON [PRIMARY]
) ON [PRIMARY]

GO
/****** Object:  Table [dbo].[DIM_TIPO_USUARIO]    Script Date: 27/04/2018 11:19:26 ******/
SET ANSI_NULLS ON
GO
SET QUOTED_IDENTIFIER ON
GO
SET ANSI_PADDING ON
GO
CREATE TABLE [dbo].[DIM_TIPO_USUARIO](
	[CODIGO_TIPO_USUARIO] [int] NOT NULL,
	[TIPO_USUARIO] [varchar](100) NOT NULL,
 CONSTRAINT [PK_DIM_TIPO_USUARIO] PRIMARY KEY CLUSTERED 
(
	[CODIGO_TIPO_USUARIO] ASC
)WITH (PAD_INDEX = OFF, STATISTICS_NORECOMPUTE = OFF, IGNORE_DUP_KEY = OFF, ALLOW_ROW_LOCKS = ON, ALLOW_PAGE_LOCKS = ON) ON [PRIMARY]
) ON [PRIMARY]

GO
SET ANSI_PADDING OFF
GO
/****** Object:  Table [dbo].[DIM_USUARIOS]    Script Date: 27/04/2018 11:19:26 ******/
SET ANSI_NULLS ON
GO
SET QUOTED_IDENTIFIER ON
GO
SET ANSI_PADDING ON
GO
CREATE TABLE [dbo].[DIM_USUARIOS](
	[CODIGO_USUARIO] [int] NOT NULL,
	[NOMBRE] [varchar](200) NOT NULL,
	[CORREO] [varchar](100) NOT NULL,
	[FECHA_REGISTRO] [datetime2](0) NOT NULL,
 CONSTRAINT [PK_DIM_USUARIOS] PRIMARY KEY CLUSTERED 
(
	[CODIGO_USUARIO] ASC
)WITH (PAD_INDEX = OFF, STATISTICS_NORECOMPUTE = OFF, IGNORE_DUP_KEY = OFF, ALLOW_ROW_LOCKS = ON, ALLOW_PAGE_LOCKS = ON) ON [PRIMARY]
) ON [PRIMARY]

GO
SET ANSI_PADDING OFF
GO
/****** Object:  Table [dbo].[HECHOS_DATOS_USUARIOS]    Script Date: 27/04/2018 11:19:26 ******/
SET ANSI_NULLS ON
GO
SET QUOTED_IDENTIFIER ON
GO
CREATE TABLE [dbo].[HECHOS_DATOS_USUARIOS](
	[CODIGO_USUARIO] [int] NOT NULL,
	[CANTIDAD_CONFIGURACIONES] [int] NOT NULL,
	[INGRESOS_X_USUARIO] [int] NOT NULL,
	[CODIGO_TIPO_USUARIO] [int] NOT NULL,
	[CANTIDAD_INTERESES] [int] NOT NULL,
	[CODIGO_TIEMPO] [int] NOT NULL
) ON [PRIMARY]

GO
/****** Object:  Table [dbo].[HECHOS_IMPACTO_NOTICIA]    Script Date: 27/04/2018 11:19:26 ******/
SET ANSI_NULLS ON
GO
SET QUOTED_IDENTIFIER ON
GO
CREATE TABLE [dbo].[HECHOS_IMPACTO_NOTICIA](
	[CODIGO_NOTICIA] [int] NOT NULL,
	[CODIGO_TIEMPO] [int] NOT NULL,
	[CODIGO_CATEGORIA] [int] NOT NULL,
	[COMENTARIOS_X_NOTICIA] [int] NOT NULL
) ON [PRIMARY]

GO
INSERT [dbo].[DIM_CATEGORIAS] ([CODIGO_CATEGORIA], [NOMBRE_CATEGORIA]) VALUES (1, N'Tecnología')
GO
INSERT [dbo].[DIM_CATEGORIAS] ([CODIGO_CATEGORIA], [NOMBRE_CATEGORIA]) VALUES (2, N'Ciencia')
GO
INSERT [dbo].[DIM_CATEGORIAS] ([CODIGO_CATEGORIA], [NOMBRE_CATEGORIA]) VALUES (3, N'Automotríz')
GO
INSERT [dbo].[DIM_CATEGORIAS] ([CODIGO_CATEGORIA], [NOMBRE_CATEGORIA]) VALUES (4, N'Celebridades')
GO
INSERT [dbo].[DIM_CATEGORIAS] ([CODIGO_CATEGORIA], [NOMBRE_CATEGORIA]) VALUES (5, N'Hogar')
GO
INSERT [dbo].[DIM_CATEGORIAS] ([CODIGO_CATEGORIA], [NOMBRE_CATEGORIA]) VALUES (6, N'Viajes')
GO
INSERT [dbo].[DIM_CATEGORIAS] ([CODIGO_CATEGORIA], [NOMBRE_CATEGORIA]) VALUES (7, N'Videojuegos')
GO
INSERT [dbo].[DIM_CATEGORIAS] ([CODIGO_CATEGORIA], [NOMBRE_CATEGORIA]) VALUES (8, N'Diseño')
GO
INSERT [dbo].[DIM_CATEGORIAS] ([CODIGO_CATEGORIA], [NOMBRE_CATEGORIA]) VALUES (9, N'Fotografía')
GO
INSERT [dbo].[DIM_CATEGORIAS] ([CODIGO_CATEGORIA], [NOMBRE_CATEGORIA]) VALUES (10, N'Negocios')
GO
INSERT [dbo].[DIM_CATEGORIAS] ([CODIGO_CATEGORIA], [NOMBRE_CATEGORIA]) VALUES (11, N'Salud y Ejercicio')
GO
INSERT [dbo].[DIM_CATEGORIAS] ([CODIGO_CATEGORIA], [NOMBRE_CATEGORIA]) VALUES (12, N'Gastronomía')
GO
INSERT [dbo].[DIM_CATEGORIAS] ([CODIGO_CATEGORIA], [NOMBRE_CATEGORIA]) VALUES (13, N'Música')
GO
INSERT [dbo].[DIM_CATEGORIAS] ([CODIGO_CATEGORIA], [NOMBRE_CATEGORIA]) VALUES (14, N'Cine')
GO
INSERT [dbo].[DIM_TIEMPO_NOTICIAS] ([CODIGO_TIEMPO], [DIA], [MES], [ANIO], [FECHA_PUBLICACION]) VALUES (1, 25, 7, 2009, CAST(N'2009-07-25 00:00:00.0000000' AS DateTime2))
GO
INSERT [dbo].[DIM_TIEMPO_NOTICIAS] ([CODIGO_TIEMPO], [DIA], [MES], [ANIO], [FECHA_PUBLICACION]) VALUES (2, 25, 7, 2009, CAST(N'2009-07-25 00:00:00.0000000' AS DateTime2))
GO
INSERT [dbo].[DIM_TIEMPO_NOTICIAS] ([CODIGO_TIEMPO], [DIA], [MES], [ANIO], [FECHA_PUBLICACION]) VALUES (3, 25, 7, 2009, CAST(N'2009-07-25 00:00:00.0000000' AS DateTime2))
GO
INSERT [dbo].[DIM_TIEMPO_NOTICIAS] ([CODIGO_TIEMPO], [DIA], [MES], [ANIO], [FECHA_PUBLICACION]) VALUES (4, 28, 8, 2010, CAST(N'2010-08-28 00:00:00.0000000' AS DateTime2))
GO
INSERT [dbo].[DIM_TIEMPO_NOTICIAS] ([CODIGO_TIEMPO], [DIA], [MES], [ANIO], [FECHA_PUBLICACION]) VALUES (5, 28, 8, 2010, CAST(N'2010-08-28 00:00:00.0000000' AS DateTime2))
GO
INSERT [dbo].[DIM_TIEMPO_NOTICIAS] ([CODIGO_TIEMPO], [DIA], [MES], [ANIO], [FECHA_PUBLICACION]) VALUES (6, 28, 8, 2010, CAST(N'2010-08-28 00:00:00.0000000' AS DateTime2))
GO
INSERT [dbo].[DIM_TIEMPO_NOTICIAS] ([CODIGO_TIEMPO], [DIA], [MES], [ANIO], [FECHA_PUBLICACION]) VALUES (7, 28, 8, 2010, CAST(N'2010-08-28 00:00:00.0000000' AS DateTime2))
GO
INSERT [dbo].[DIM_TIEMPO_NOTICIAS] ([CODIGO_TIEMPO], [DIA], [MES], [ANIO], [FECHA_PUBLICACION]) VALUES (8, 28, 8, 2010, CAST(N'2010-08-28 00:00:00.0000000' AS DateTime2))
GO
INSERT [dbo].[DIM_TIEMPO_NOTICIAS] ([CODIGO_TIEMPO], [DIA], [MES], [ANIO], [FECHA_PUBLICACION]) VALUES (9, 28, 8, 2010, CAST(N'2010-08-28 00:00:00.0000000' AS DateTime2))
GO
INSERT [dbo].[DIM_TIEMPO_NOTICIAS] ([CODIGO_TIEMPO], [DIA], [MES], [ANIO], [FECHA_PUBLICACION]) VALUES (10, 28, 8, 2010, CAST(N'2010-08-28 00:00:00.0000000' AS DateTime2))
GO
INSERT [dbo].[DIM_TIEMPO_NOTICIAS] ([CODIGO_TIEMPO], [DIA], [MES], [ANIO], [FECHA_PUBLICACION]) VALUES (11, 28, 10, 2010, CAST(N'2010-10-28 00:00:00.0000000' AS DateTime2))
GO
INSERT [dbo].[DIM_TIEMPO_NOTICIAS] ([CODIGO_TIEMPO], [DIA], [MES], [ANIO], [FECHA_PUBLICACION]) VALUES (12, 28, 10, 2010, CAST(N'2010-10-28 00:00:00.0000000' AS DateTime2))
GO
INSERT [dbo].[DIM_TIEMPO_NOTICIAS] ([CODIGO_TIEMPO], [DIA], [MES], [ANIO], [FECHA_PUBLICACION]) VALUES (13, 21, 2, 2014, CAST(N'2014-02-21 00:00:00.0000000' AS DateTime2))
GO
INSERT [dbo].[DIM_TIEMPO_NOTICIAS] ([CODIGO_TIEMPO], [DIA], [MES], [ANIO], [FECHA_PUBLICACION]) VALUES (14, 21, 2, 2014, CAST(N'2014-02-21 00:00:00.0000000' AS DateTime2))
GO
INSERT [dbo].[DIM_TIEMPO_NOTICIAS] ([CODIGO_TIEMPO], [DIA], [MES], [ANIO], [FECHA_PUBLICACION]) VALUES (15, 8, 6, 2014, CAST(N'2014-06-08 00:00:00.0000000' AS DateTime2))
GO
INSERT [dbo].[DIM_TIEMPO_NOTICIAS] ([CODIGO_TIEMPO], [DIA], [MES], [ANIO], [FECHA_PUBLICACION]) VALUES (16, 8, 6, 2014, CAST(N'2014-06-08 00:00:00.0000000' AS DateTime2))
GO
INSERT [dbo].[DIM_TIEMPO_NOTICIAS] ([CODIGO_TIEMPO], [DIA], [MES], [ANIO], [FECHA_PUBLICACION]) VALUES (17, 8, 6, 2014, CAST(N'2014-06-08 00:00:00.0000000' AS DateTime2))
GO
INSERT [dbo].[DIM_TIEMPO_NOTICIAS] ([CODIGO_TIEMPO], [DIA], [MES], [ANIO], [FECHA_PUBLICACION]) VALUES (18, 8, 6, 2014, CAST(N'2014-06-08 00:00:00.0000000' AS DateTime2))
GO
INSERT [dbo].[DIM_TIEMPO_NOTICIAS] ([CODIGO_TIEMPO], [DIA], [MES], [ANIO], [FECHA_PUBLICACION]) VALUES (19, 8, 6, 2014, CAST(N'2014-06-08 00:00:00.0000000' AS DateTime2))
GO
INSERT [dbo].[DIM_TIEMPO_NOTICIAS] ([CODIGO_TIEMPO], [DIA], [MES], [ANIO], [FECHA_PUBLICACION]) VALUES (20, 8, 6, 2014, CAST(N'2014-06-08 00:00:00.0000000' AS DateTime2))
GO
INSERT [dbo].[DIM_TIEMPO_NOTICIAS] ([CODIGO_TIEMPO], [DIA], [MES], [ANIO], [FECHA_PUBLICACION]) VALUES (21, 8, 6, 2014, CAST(N'2014-06-08 00:00:00.0000000' AS DateTime2))
GO
INSERT [dbo].[DIM_TIEMPO_NOTICIAS] ([CODIGO_TIEMPO], [DIA], [MES], [ANIO], [FECHA_PUBLICACION]) VALUES (22, 8, 6, 2014, CAST(N'2014-06-08 00:00:00.0000000' AS DateTime2))
GO
INSERT [dbo].[DIM_TIEMPO_NOTICIAS] ([CODIGO_TIEMPO], [DIA], [MES], [ANIO], [FECHA_PUBLICACION]) VALUES (23, 20, 1, 2015, CAST(N'2015-01-20 00:00:00.0000000' AS DateTime2))
GO
INSERT [dbo].[DIM_TIEMPO_NOTICIAS] ([CODIGO_TIEMPO], [DIA], [MES], [ANIO], [FECHA_PUBLICACION]) VALUES (24, 20, 1, 2015, CAST(N'2015-01-20 00:00:00.0000000' AS DateTime2))
GO
INSERT [dbo].[DIM_TIEMPO_NOTICIAS] ([CODIGO_TIEMPO], [DIA], [MES], [ANIO], [FECHA_PUBLICACION]) VALUES (25, 20, 1, 2015, CAST(N'2015-01-20 00:00:00.0000000' AS DateTime2))
GO
INSERT [dbo].[DIM_TIEMPO_NOTICIAS] ([CODIGO_TIEMPO], [DIA], [MES], [ANIO], [FECHA_PUBLICACION]) VALUES (26, 6, 10, 2015, CAST(N'2015-10-06 00:00:00.0000000' AS DateTime2))
GO
INSERT [dbo].[DIM_TIEMPO_NOTICIAS] ([CODIGO_TIEMPO], [DIA], [MES], [ANIO], [FECHA_PUBLICACION]) VALUES (27, 6, 10, 2015, CAST(N'2015-10-06 00:00:00.0000000' AS DateTime2))
GO
INSERT [dbo].[DIM_TIEMPO_NOTICIAS] ([CODIGO_TIEMPO], [DIA], [MES], [ANIO], [FECHA_PUBLICACION]) VALUES (28, 6, 10, 2015, CAST(N'2015-10-06 00:00:00.0000000' AS DateTime2))
GO
INSERT [dbo].[DIM_TIEMPO_NOTICIAS] ([CODIGO_TIEMPO], [DIA], [MES], [ANIO], [FECHA_PUBLICACION]) VALUES (29, 6, 10, 2015, CAST(N'2015-10-06 00:00:00.0000000' AS DateTime2))
GO
INSERT [dbo].[DIM_TIEMPO_NOTICIAS] ([CODIGO_TIEMPO], [DIA], [MES], [ANIO], [FECHA_PUBLICACION]) VALUES (30, 6, 10, 2015, CAST(N'2015-10-06 00:00:00.0000000' AS DateTime2))
GO
INSERT [dbo].[DIM_TIEMPO_NOTICIAS] ([CODIGO_TIEMPO], [DIA], [MES], [ANIO], [FECHA_PUBLICACION]) VALUES (31, 6, 10, 2015, CAST(N'2015-10-06 00:00:00.0000000' AS DateTime2))
GO
INSERT [dbo].[DIM_TIEMPO_NOTICIAS] ([CODIGO_TIEMPO], [DIA], [MES], [ANIO], [FECHA_PUBLICACION]) VALUES (32, 6, 10, 2015, CAST(N'2015-10-06 00:00:00.0000000' AS DateTime2))
GO
INSERT [dbo].[DIM_TIEMPO_NOTICIAS] ([CODIGO_TIEMPO], [DIA], [MES], [ANIO], [FECHA_PUBLICACION]) VALUES (33, 6, 10, 2015, CAST(N'2015-10-06 00:00:00.0000000' AS DateTime2))
GO
INSERT [dbo].[DIM_TIEMPO_NOTICIAS] ([CODIGO_TIEMPO], [DIA], [MES], [ANIO], [FECHA_PUBLICACION]) VALUES (34, 6, 10, 2015, CAST(N'2015-10-06 00:00:00.0000000' AS DateTime2))
GO
INSERT [dbo].[DIM_TIEMPO_NOTICIAS] ([CODIGO_TIEMPO], [DIA], [MES], [ANIO], [FECHA_PUBLICACION]) VALUES (35, 6, 10, 2015, CAST(N'2015-10-06 00:00:00.0000000' AS DateTime2))
GO
INSERT [dbo].[DIM_TIEMPO_NOTICIAS] ([CODIGO_TIEMPO], [DIA], [MES], [ANIO], [FECHA_PUBLICACION]) VALUES (36, 28, 1, 2016, CAST(N'2016-01-28 00:00:00.0000000' AS DateTime2))
GO
INSERT [dbo].[DIM_TIEMPO_NOTICIAS] ([CODIGO_TIEMPO], [DIA], [MES], [ANIO], [FECHA_PUBLICACION]) VALUES (37, 28, 1, 2016, CAST(N'2016-01-28 00:00:00.0000000' AS DateTime2))
GO
INSERT [dbo].[DIM_TIEMPO_NOTICIAS] ([CODIGO_TIEMPO], [DIA], [MES], [ANIO], [FECHA_PUBLICACION]) VALUES (38, 28, 1, 2016, CAST(N'2016-01-28 00:00:00.0000000' AS DateTime2))
GO
INSERT [dbo].[DIM_TIEMPO_NOTICIAS] ([CODIGO_TIEMPO], [DIA], [MES], [ANIO], [FECHA_PUBLICACION]) VALUES (39, 28, 1, 2016, CAST(N'2016-01-28 00:00:00.0000000' AS DateTime2))
GO
INSERT [dbo].[DIM_TIEMPO_NOTICIAS] ([CODIGO_TIEMPO], [DIA], [MES], [ANIO], [FECHA_PUBLICACION]) VALUES (40, 28, 1, 2016, CAST(N'2016-01-28 00:00:00.0000000' AS DateTime2))
GO
INSERT [dbo].[DIM_TIEMPO_NOTICIAS] ([CODIGO_TIEMPO], [DIA], [MES], [ANIO], [FECHA_PUBLICACION]) VALUES (41, 1, 5, 2016, CAST(N'2016-05-01 00:00:00.0000000' AS DateTime2))
GO
INSERT [dbo].[DIM_TIEMPO_NOTICIAS] ([CODIGO_TIEMPO], [DIA], [MES], [ANIO], [FECHA_PUBLICACION]) VALUES (42, 1, 5, 2016, CAST(N'2016-05-01 00:00:00.0000000' AS DateTime2))
GO
INSERT [dbo].[DIM_TIEMPO_NOTICIAS] ([CODIGO_TIEMPO], [DIA], [MES], [ANIO], [FECHA_PUBLICACION]) VALUES (43, 13, 4, 2017, CAST(N'2017-04-13 00:00:00.0000000' AS DateTime2))
GO
INSERT [dbo].[DIM_TIEMPO_NOTICIAS] ([CODIGO_TIEMPO], [DIA], [MES], [ANIO], [FECHA_PUBLICACION]) VALUES (44, 13, 4, 2017, CAST(N'2017-04-13 00:00:00.0000000' AS DateTime2))
GO
INSERT [dbo].[DIM_TIEMPO_NOTICIAS] ([CODIGO_TIEMPO], [DIA], [MES], [ANIO], [FECHA_PUBLICACION]) VALUES (45, 13, 4, 2017, CAST(N'2017-04-13 00:00:00.0000000' AS DateTime2))
GO
INSERT [dbo].[DIM_TIEMPO_NOTICIAS] ([CODIGO_TIEMPO], [DIA], [MES], [ANIO], [FECHA_PUBLICACION]) VALUES (46, 13, 4, 2017, CAST(N'2017-04-13 00:00:00.0000000' AS DateTime2))
GO
INSERT [dbo].[DIM_TIEMPO_NOTICIAS] ([CODIGO_TIEMPO], [DIA], [MES], [ANIO], [FECHA_PUBLICACION]) VALUES (47, 13, 4, 2017, CAST(N'2017-04-13 00:00:00.0000000' AS DateTime2))
GO
INSERT [dbo].[DIM_TIEMPO_NOTICIAS] ([CODIGO_TIEMPO], [DIA], [MES], [ANIO], [FECHA_PUBLICACION]) VALUES (48, 13, 4, 2017, CAST(N'2017-04-13 00:00:00.0000000' AS DateTime2))
GO
INSERT [dbo].[DIM_TIEMPO_NOTICIAS] ([CODIGO_TIEMPO], [DIA], [MES], [ANIO], [FECHA_PUBLICACION]) VALUES (49, 13, 4, 2017, CAST(N'2017-04-13 00:00:00.0000000' AS DateTime2))
GO
INSERT [dbo].[DIM_TIEMPO_NOTICIAS] ([CODIGO_TIEMPO], [DIA], [MES], [ANIO], [FECHA_PUBLICACION]) VALUES (50, 13, 4, 2017, CAST(N'2017-04-13 00:00:00.0000000' AS DateTime2))
GO
INSERT [dbo].[DIM_TIEMPO_NOTICIAS] ([CODIGO_TIEMPO], [DIA], [MES], [ANIO], [FECHA_PUBLICACION]) VALUES (51, 13, 4, 2017, CAST(N'2017-04-13 00:00:00.0000000' AS DateTime2))
GO
INSERT [dbo].[DIM_TIEMPO_NOTICIAS] ([CODIGO_TIEMPO], [DIA], [MES], [ANIO], [FECHA_PUBLICACION]) VALUES (52, 22, 6, 2017, CAST(N'2017-06-22 00:00:00.0000000' AS DateTime2))
GO
INSERT [dbo].[DIM_TIEMPO_NOTICIAS] ([CODIGO_TIEMPO], [DIA], [MES], [ANIO], [FECHA_PUBLICACION]) VALUES (53, 4, 7, 2017, CAST(N'2017-07-04 00:00:00.0000000' AS DateTime2))
GO
INSERT [dbo].[DIM_TIEMPO_NOTICIAS] ([CODIGO_TIEMPO], [DIA], [MES], [ANIO], [FECHA_PUBLICACION]) VALUES (54, 4, 7, 2017, CAST(N'2017-07-04 00:00:00.0000000' AS DateTime2))
GO
INSERT [dbo].[DIM_TIEMPO_NOTICIAS] ([CODIGO_TIEMPO], [DIA], [MES], [ANIO], [FECHA_PUBLICACION]) VALUES (55, 4, 7, 2017, CAST(N'2017-07-04 00:00:00.0000000' AS DateTime2))
GO
INSERT [dbo].[DIM_TIEMPO_NOTICIAS] ([CODIGO_TIEMPO], [DIA], [MES], [ANIO], [FECHA_PUBLICACION]) VALUES (56, 4, 7, 2017, CAST(N'2017-07-04 00:00:00.0000000' AS DateTime2))
GO
INSERT [dbo].[DIM_TIEMPO_NOTICIAS] ([CODIGO_TIEMPO], [DIA], [MES], [ANIO], [FECHA_PUBLICACION]) VALUES (57, 4, 7, 2017, CAST(N'2017-07-04 00:00:00.0000000' AS DateTime2))
GO
INSERT [dbo].[DIM_TIEMPO_NOTICIAS] ([CODIGO_TIEMPO], [DIA], [MES], [ANIO], [FECHA_PUBLICACION]) VALUES (58, 4, 7, 2017, CAST(N'2017-07-04 00:00:00.0000000' AS DateTime2))
GO
INSERT [dbo].[DIM_TIEMPO_NOTICIAS] ([CODIGO_TIEMPO], [DIA], [MES], [ANIO], [FECHA_PUBLICACION]) VALUES (59, 20, 8, 2017, CAST(N'2017-08-20 00:00:00.0000000' AS DateTime2))
GO
INSERT [dbo].[DIM_TIEMPO_NOTICIAS] ([CODIGO_TIEMPO], [DIA], [MES], [ANIO], [FECHA_PUBLICACION]) VALUES (60, 19, 10, 2017, CAST(N'2017-10-19 00:00:00.0000000' AS DateTime2))
GO
INSERT [dbo].[DIM_TIEMPO_NOTICIAS] ([CODIGO_TIEMPO], [DIA], [MES], [ANIO], [FECHA_PUBLICACION]) VALUES (61, 19, 10, 2017, CAST(N'2017-10-19 00:00:00.0000000' AS DateTime2))
GO
INSERT [dbo].[DIM_TIEMPO_NOTICIAS] ([CODIGO_TIEMPO], [DIA], [MES], [ANIO], [FECHA_PUBLICACION]) VALUES (62, 19, 10, 2017, CAST(N'2017-10-19 00:00:00.0000000' AS DateTime2))
GO
INSERT [dbo].[DIM_TIEMPO_NOTICIAS] ([CODIGO_TIEMPO], [DIA], [MES], [ANIO], [FECHA_PUBLICACION]) VALUES (63, 19, 10, 2017, CAST(N'2017-10-19 00:00:00.0000000' AS DateTime2))
GO
INSERT [dbo].[DIM_TIEMPO_NOTICIAS] ([CODIGO_TIEMPO], [DIA], [MES], [ANIO], [FECHA_PUBLICACION]) VALUES (64, 19, 10, 2017, CAST(N'2017-10-19 00:00:00.0000000' AS DateTime2))
GO
INSERT [dbo].[DIM_TIEMPO_NOTICIAS] ([CODIGO_TIEMPO], [DIA], [MES], [ANIO], [FECHA_PUBLICACION]) VALUES (65, 19, 10, 2017, CAST(N'2017-10-19 00:00:00.0000000' AS DateTime2))
GO
INSERT [dbo].[DIM_TIEMPO_NOTICIAS] ([CODIGO_TIEMPO], [DIA], [MES], [ANIO], [FECHA_PUBLICACION]) VALUES (66, 19, 10, 2017, CAST(N'2017-10-19 00:00:00.0000000' AS DateTime2))
GO
INSERT [dbo].[DIM_TIEMPO_NOTICIAS] ([CODIGO_TIEMPO], [DIA], [MES], [ANIO], [FECHA_PUBLICACION]) VALUES (67, 19, 10, 2017, CAST(N'2017-10-19 00:00:00.0000000' AS DateTime2))
GO
INSERT [dbo].[DIM_TIEMPO_NOTICIAS] ([CODIGO_TIEMPO], [DIA], [MES], [ANIO], [FECHA_PUBLICACION]) VALUES (68, 19, 10, 2017, CAST(N'2017-10-19 00:00:00.0000000' AS DateTime2))
GO
INSERT [dbo].[DIM_TIEMPO_NOTICIAS] ([CODIGO_TIEMPO], [DIA], [MES], [ANIO], [FECHA_PUBLICACION]) VALUES (69, 19, 10, 2017, CAST(N'2017-10-19 00:00:00.0000000' AS DateTime2))
GO
INSERT [dbo].[DIM_TIEMPO_NOTICIAS] ([CODIGO_TIEMPO], [DIA], [MES], [ANIO], [FECHA_PUBLICACION]) VALUES (70, 19, 10, 2017, CAST(N'2017-10-19 00:00:00.0000000' AS DateTime2))
GO
INSERT [dbo].[DIM_TIEMPO_NOTICIAS] ([CODIGO_TIEMPO], [DIA], [MES], [ANIO], [FECHA_PUBLICACION]) VALUES (71, 19, 10, 2017, CAST(N'2017-10-19 00:00:00.0000000' AS DateTime2))
GO
INSERT [dbo].[DIM_TIEMPO_NOTICIAS] ([CODIGO_TIEMPO], [DIA], [MES], [ANIO], [FECHA_PUBLICACION]) VALUES (72, 19, 10, 2017, CAST(N'2017-10-19 00:00:00.0000000' AS DateTime2))
GO
INSERT [dbo].[DIM_TIEMPO_NOTICIAS] ([CODIGO_TIEMPO], [DIA], [MES], [ANIO], [FECHA_PUBLICACION]) VALUES (73, 19, 10, 2017, CAST(N'2017-10-19 00:00:00.0000000' AS DateTime2))
GO
INSERT [dbo].[DIM_TIEMPO_NOTICIAS] ([CODIGO_TIEMPO], [DIA], [MES], [ANIO], [FECHA_PUBLICACION]) VALUES (74, 19, 10, 2017, CAST(N'2017-10-19 00:00:00.0000000' AS DateTime2))
GO
INSERT [dbo].[DIM_TIEMPO_NOTICIAS] ([CODIGO_TIEMPO], [DIA], [MES], [ANIO], [FECHA_PUBLICACION]) VALUES (75, 20, 10, 2017, CAST(N'2017-10-20 00:00:00.0000000' AS DateTime2))
GO
INSERT [dbo].[DIM_TIEMPO_NOTICIAS] ([CODIGO_TIEMPO], [DIA], [MES], [ANIO], [FECHA_PUBLICACION]) VALUES (76, 27, 10, 2017, CAST(N'2017-10-27 00:00:00.0000000' AS DateTime2))
GO
INSERT [dbo].[DIM_TIEMPO_NOTICIAS] ([CODIGO_TIEMPO], [DIA], [MES], [ANIO], [FECHA_PUBLICACION]) VALUES (77, 27, 10, 2017, CAST(N'2017-10-27 00:00:00.0000000' AS DateTime2))
GO
INSERT [dbo].[DIM_TIEMPO_NOTICIAS] ([CODIGO_TIEMPO], [DIA], [MES], [ANIO], [FECHA_PUBLICACION]) VALUES (78, 27, 10, 2017, CAST(N'2017-10-27 00:00:00.0000000' AS DateTime2))
GO
INSERT [dbo].[DIM_TIEMPO_NOTICIAS] ([CODIGO_TIEMPO], [DIA], [MES], [ANIO], [FECHA_PUBLICACION]) VALUES (79, 10, 11, 2017, CAST(N'2017-11-10 00:00:00.0000000' AS DateTime2))
GO
INSERT [dbo].[DIM_TIEMPO_NOTICIAS] ([CODIGO_TIEMPO], [DIA], [MES], [ANIO], [FECHA_PUBLICACION]) VALUES (80, 14, 11, 2017, CAST(N'2017-11-14 00:00:00.0000000' AS DateTime2))
GO
INSERT [dbo].[DIM_TIEMPO_NOTICIAS] ([CODIGO_TIEMPO], [DIA], [MES], [ANIO], [FECHA_PUBLICACION]) VALUES (81, 13, 2, 2018, CAST(N'2018-02-13 00:00:00.0000000' AS DateTime2))
GO
INSERT [dbo].[DIM_TIEMPO_NOTICIAS] ([CODIGO_TIEMPO], [DIA], [MES], [ANIO], [FECHA_PUBLICACION]) VALUES (82, 13, 2, 2018, CAST(N'2018-02-13 00:00:00.0000000' AS DateTime2))
GO
INSERT [dbo].[DIM_TIEMPO_NOTICIAS] ([CODIGO_TIEMPO], [DIA], [MES], [ANIO], [FECHA_PUBLICACION]) VALUES (83, 13, 2, 2018, CAST(N'2018-02-13 00:00:00.0000000' AS DateTime2))
GO
INSERT [dbo].[DIM_TIEMPO_NOTICIAS] ([CODIGO_TIEMPO], [DIA], [MES], [ANIO], [FECHA_PUBLICACION]) VALUES (84, 13, 2, 2018, CAST(N'2018-02-13 00:00:00.0000000' AS DateTime2))
GO
INSERT [dbo].[DIM_TIEMPO_NOTICIAS] ([CODIGO_TIEMPO], [DIA], [MES], [ANIO], [FECHA_PUBLICACION]) VALUES (85, 13, 2, 2018, CAST(N'2018-02-13 00:00:00.0000000' AS DateTime2))
GO
INSERT [dbo].[DIM_TIEMPO_NOTICIAS] ([CODIGO_TIEMPO], [DIA], [MES], [ANIO], [FECHA_PUBLICACION]) VALUES (86, 13, 2, 2018, CAST(N'2018-02-13 00:00:00.0000000' AS DateTime2))
GO
INSERT [dbo].[DIM_TIEMPO_NOTICIAS] ([CODIGO_TIEMPO], [DIA], [MES], [ANIO], [FECHA_PUBLICACION]) VALUES (87, 13, 2, 2018, CAST(N'2018-02-13 00:00:00.0000000' AS DateTime2))
GO
INSERT [dbo].[DIM_TIEMPO_NOTICIAS] ([CODIGO_TIEMPO], [DIA], [MES], [ANIO], [FECHA_PUBLICACION]) VALUES (88, 13, 2, 2018, CAST(N'2018-02-13 00:00:00.0000000' AS DateTime2))
GO
INSERT [dbo].[DIM_TIEMPO_NOTICIAS] ([CODIGO_TIEMPO], [DIA], [MES], [ANIO], [FECHA_PUBLICACION]) VALUES (89, 3, 4, 2018, CAST(N'2018-04-03 00:00:00.0000000' AS DateTime2))
GO
INSERT [dbo].[DIM_TIEMPO_NOTICIAS] ([CODIGO_TIEMPO], [DIA], [MES], [ANIO], [FECHA_PUBLICACION]) VALUES (90, 3, 4, 2018, CAST(N'2018-04-03 00:00:00.0000000' AS DateTime2))
GO
INSERT [dbo].[DIM_TIEMPO_NOTICIAS] ([CODIGO_TIEMPO], [DIA], [MES], [ANIO], [FECHA_PUBLICACION]) VALUES (91, 4, 4, 2018, CAST(N'2018-04-04 00:00:00.0000000' AS DateTime2))
GO
INSERT [dbo].[DIM_TIEMPO_NOTICIAS] ([CODIGO_TIEMPO], [DIA], [MES], [ANIO], [FECHA_PUBLICACION]) VALUES (92, 4, 4, 2018, CAST(N'2018-04-04 00:00:00.0000000' AS DateTime2))
GO
INSERT [dbo].[DIM_TIEMPO_NOTICIAS] ([CODIGO_TIEMPO], [DIA], [MES], [ANIO], [FECHA_PUBLICACION]) VALUES (93, 4, 4, 2018, CAST(N'2018-04-04 00:00:00.0000000' AS DateTime2))
GO
INSERT [dbo].[DIM_TIEMPO_NOTICIAS] ([CODIGO_TIEMPO], [DIA], [MES], [ANIO], [FECHA_PUBLICACION]) VALUES (94, 4, 4, 2018, CAST(N'2018-04-04 00:00:00.0000000' AS DateTime2))
GO
INSERT [dbo].[DIM_TIEMPO_NOTICIAS] ([CODIGO_TIEMPO], [DIA], [MES], [ANIO], [FECHA_PUBLICACION]) VALUES (95, 4, 4, 2018, CAST(N'2018-04-04 00:00:00.0000000' AS DateTime2))
GO
INSERT [dbo].[DIM_TIEMPO_NOTICIAS] ([CODIGO_TIEMPO], [DIA], [MES], [ANIO], [FECHA_PUBLICACION]) VALUES (96, 4, 4, 2018, CAST(N'2018-04-04 00:00:00.0000000' AS DateTime2))
GO
INSERT [dbo].[DIM_TIEMPO_NOTICIAS] ([CODIGO_TIEMPO], [DIA], [MES], [ANIO], [FECHA_PUBLICACION]) VALUES (97, 4, 4, 2018, CAST(N'2018-04-04 00:00:00.0000000' AS DateTime2))
GO
INSERT [dbo].[DIM_TIEMPO_NOTICIAS] ([CODIGO_TIEMPO], [DIA], [MES], [ANIO], [FECHA_PUBLICACION]) VALUES (98, 4, 4, 2018, CAST(N'2018-04-04 00:00:00.0000000' AS DateTime2))
GO
INSERT [dbo].[DIM_TIEMPO_NOTICIAS] ([CODIGO_TIEMPO], [DIA], [MES], [ANIO], [FECHA_PUBLICACION]) VALUES (99, 13, 4, 2018, CAST(N'2018-04-13 00:00:00.0000000' AS DateTime2))
GO
INSERT [dbo].[DIM_TIEMPO_NOTICIAS] ([CODIGO_TIEMPO], [DIA], [MES], [ANIO], [FECHA_PUBLICACION]) VALUES (100, 13, 4, 2018, CAST(N'2018-04-13 00:00:00.0000000' AS DateTime2))
GO
INSERT [dbo].[DIM_TIEMPO_NOTICIAS] ([CODIGO_TIEMPO], [DIA], [MES], [ANIO], [FECHA_PUBLICACION]) VALUES (101, 13, 4, 2018, CAST(N'2018-04-13 00:00:00.0000000' AS DateTime2))
GO
INSERT [dbo].[DIM_TIEMPO_NOTICIAS] ([CODIGO_TIEMPO], [DIA], [MES], [ANIO], [FECHA_PUBLICACION]) VALUES (102, 13, 4, 2018, CAST(N'2018-04-13 00:00:00.0000000' AS DateTime2))
GO
INSERT [dbo].[DIM_TIEMPO_NOTICIAS] ([CODIGO_TIEMPO], [DIA], [MES], [ANIO], [FECHA_PUBLICACION]) VALUES (103, 13, 4, 2018, CAST(N'2018-04-13 00:00:00.0000000' AS DateTime2))
GO
INSERT [dbo].[DIM_TIEMPO_NOTICIAS] ([CODIGO_TIEMPO], [DIA], [MES], [ANIO], [FECHA_PUBLICACION]) VALUES (104, 13, 4, 2018, CAST(N'2018-04-13 00:00:00.0000000' AS DateTime2))
GO
INSERT [dbo].[DIM_TIEMPO_USUARIOS] ([CODIGO_TIEMPO], [DIA], [MES], [ANIO], [FECHA_REGISTRO]) VALUES (1, 20, 11, 2012, CAST(N'2012-11-20 00:00:00.0000000' AS DateTime2))
GO
INSERT [dbo].[DIM_TIEMPO_USUARIOS] ([CODIGO_TIEMPO], [DIA], [MES], [ANIO], [FECHA_REGISTRO]) VALUES (2, 4, 5, 2013, CAST(N'2013-05-04 00:00:00.0000000' AS DateTime2))
GO
INSERT [dbo].[DIM_TIEMPO_USUARIOS] ([CODIGO_TIEMPO], [DIA], [MES], [ANIO], [FECHA_REGISTRO]) VALUES (3, 19, 10, 2015, CAST(N'2015-10-19 00:00:00.0000000' AS DateTime2))
GO
INSERT [dbo].[DIM_TIEMPO_USUARIOS] ([CODIGO_TIEMPO], [DIA], [MES], [ANIO], [FECHA_REGISTRO]) VALUES (4, 7, 1, 2016, CAST(N'2016-01-07 00:00:00.0000000' AS DateTime2))
GO
INSERT [dbo].[DIM_TIEMPO_USUARIOS] ([CODIGO_TIEMPO], [DIA], [MES], [ANIO], [FECHA_REGISTRO]) VALUES (5, 29, 4, 2016, CAST(N'2016-04-29 00:00:00.0000000' AS DateTime2))
GO
INSERT [dbo].[DIM_TIEMPO_USUARIOS] ([CODIGO_TIEMPO], [DIA], [MES], [ANIO], [FECHA_REGISTRO]) VALUES (6, 19, 8, 2016, CAST(N'2016-08-19 00:00:00.0000000' AS DateTime2))
GO
INSERT [dbo].[DIM_TIEMPO_USUARIOS] ([CODIGO_TIEMPO], [DIA], [MES], [ANIO], [FECHA_REGISTRO]) VALUES (7, 1, 10, 2016, CAST(N'2016-10-01 00:00:00.0000000' AS DateTime2))
GO
INSERT [dbo].[DIM_TIEMPO_USUARIOS] ([CODIGO_TIEMPO], [DIA], [MES], [ANIO], [FECHA_REGISTRO]) VALUES (8, 11, 11, 2016, CAST(N'2016-11-11 00:00:00.0000000' AS DateTime2))
GO
INSERT [dbo].[DIM_TIEMPO_USUARIOS] ([CODIGO_TIEMPO], [DIA], [MES], [ANIO], [FECHA_REGISTRO]) VALUES (9, 16, 12, 2016, CAST(N'2016-12-16 00:00:00.0000000' AS DateTime2))
GO
INSERT [dbo].[DIM_TIEMPO_USUARIOS] ([CODIGO_TIEMPO], [DIA], [MES], [ANIO], [FECHA_REGISTRO]) VALUES (10, 18, 12, 2016, CAST(N'2016-12-18 00:00:00.0000000' AS DateTime2))
GO
INSERT [dbo].[DIM_TIEMPO_USUARIOS] ([CODIGO_TIEMPO], [DIA], [MES], [ANIO], [FECHA_REGISTRO]) VALUES (11, 24, 12, 2016, CAST(N'2016-12-24 00:00:00.0000000' AS DateTime2))
GO
INSERT [dbo].[DIM_TIEMPO_USUARIOS] ([CODIGO_TIEMPO], [DIA], [MES], [ANIO], [FECHA_REGISTRO]) VALUES (12, 19, 1, 2017, CAST(N'2017-01-19 00:00:00.0000000' AS DateTime2))
GO
INSERT [dbo].[DIM_TIEMPO_USUARIOS] ([CODIGO_TIEMPO], [DIA], [MES], [ANIO], [FECHA_REGISTRO]) VALUES (13, 24, 1, 2017, CAST(N'2017-01-24 00:00:00.0000000' AS DateTime2))
GO
INSERT [dbo].[DIM_TIEMPO_USUARIOS] ([CODIGO_TIEMPO], [DIA], [MES], [ANIO], [FECHA_REGISTRO]) VALUES (14, 31, 1, 2017, CAST(N'2017-01-31 00:00:00.0000000' AS DateTime2))
GO
INSERT [dbo].[DIM_TIEMPO_USUARIOS] ([CODIGO_TIEMPO], [DIA], [MES], [ANIO], [FECHA_REGISTRO]) VALUES (15, 5, 3, 2017, CAST(N'2017-03-05 00:00:00.0000000' AS DateTime2))
GO
INSERT [dbo].[DIM_TIEMPO_USUARIOS] ([CODIGO_TIEMPO], [DIA], [MES], [ANIO], [FECHA_REGISTRO]) VALUES (16, 31, 3, 2017, CAST(N'2017-03-31 00:00:00.0000000' AS DateTime2))
GO
INSERT [dbo].[DIM_TIEMPO_USUARIOS] ([CODIGO_TIEMPO], [DIA], [MES], [ANIO], [FECHA_REGISTRO]) VALUES (17, 2, 5, 2017, CAST(N'2017-05-02 00:00:00.0000000' AS DateTime2))
GO
INSERT [dbo].[DIM_TIEMPO_USUARIOS] ([CODIGO_TIEMPO], [DIA], [MES], [ANIO], [FECHA_REGISTRO]) VALUES (18, 5, 5, 2017, CAST(N'2017-05-05 00:00:00.0000000' AS DateTime2))
GO
INSERT [dbo].[DIM_TIEMPO_USUARIOS] ([CODIGO_TIEMPO], [DIA], [MES], [ANIO], [FECHA_REGISTRO]) VALUES (19, 6, 6, 2017, CAST(N'2017-06-06 00:00:00.0000000' AS DateTime2))
GO
INSERT [dbo].[DIM_TIEMPO_USUARIOS] ([CODIGO_TIEMPO], [DIA], [MES], [ANIO], [FECHA_REGISTRO]) VALUES (20, 7, 7, 2017, CAST(N'2017-07-07 00:00:00.0000000' AS DateTime2))
GO
INSERT [dbo].[DIM_TIEMPO_USUARIOS] ([CODIGO_TIEMPO], [DIA], [MES], [ANIO], [FECHA_REGISTRO]) VALUES (21, 7, 8, 2017, CAST(N'2017-08-07 00:00:00.0000000' AS DateTime2))
GO
INSERT [dbo].[DIM_TIEMPO_USUARIOS] ([CODIGO_TIEMPO], [DIA], [MES], [ANIO], [FECHA_REGISTRO]) VALUES (22, 2, 9, 2017, CAST(N'2017-09-02 00:00:00.0000000' AS DateTime2))
GO
INSERT [dbo].[DIM_TIEMPO_USUARIOS] ([CODIGO_TIEMPO], [DIA], [MES], [ANIO], [FECHA_REGISTRO]) VALUES (23, 11, 10, 2017, CAST(N'2017-10-11 00:00:00.0000000' AS DateTime2))
GO
INSERT [dbo].[DIM_TIEMPO_USUARIOS] ([CODIGO_TIEMPO], [DIA], [MES], [ANIO], [FECHA_REGISTRO]) VALUES (24, 19, 10, 2017, CAST(N'2017-10-19 00:00:00.0000000' AS DateTime2))
GO
INSERT [dbo].[DIM_TIEMPO_USUARIOS] ([CODIGO_TIEMPO], [DIA], [MES], [ANIO], [FECHA_REGISTRO]) VALUES (25, 19, 10, 2017, CAST(N'2017-10-19 00:00:00.0000000' AS DateTime2))
GO
INSERT [dbo].[DIM_TIEMPO_USUARIOS] ([CODIGO_TIEMPO], [DIA], [MES], [ANIO], [FECHA_REGISTRO]) VALUES (26, 19, 10, 2017, CAST(N'2017-10-19 00:00:00.0000000' AS DateTime2))
GO
INSERT [dbo].[DIM_TIEMPO_USUARIOS] ([CODIGO_TIEMPO], [DIA], [MES], [ANIO], [FECHA_REGISTRO]) VALUES (27, 19, 10, 2017, CAST(N'2017-10-19 00:00:00.0000000' AS DateTime2))
GO
INSERT [dbo].[DIM_TIEMPO_USUARIOS] ([CODIGO_TIEMPO], [DIA], [MES], [ANIO], [FECHA_REGISTRO]) VALUES (28, 19, 10, 2017, CAST(N'2017-10-19 00:00:00.0000000' AS DateTime2))
GO
INSERT [dbo].[DIM_TIEMPO_USUARIOS] ([CODIGO_TIEMPO], [DIA], [MES], [ANIO], [FECHA_REGISTRO]) VALUES (29, 19, 10, 2017, CAST(N'2017-10-19 00:00:00.0000000' AS DateTime2))
GO
INSERT [dbo].[DIM_TIEMPO_USUARIOS] ([CODIGO_TIEMPO], [DIA], [MES], [ANIO], [FECHA_REGISTRO]) VALUES (30, 22, 10, 2017, CAST(N'2017-10-22 00:00:00.0000000' AS DateTime2))
GO
INSERT [dbo].[DIM_TIEMPO_USUARIOS] ([CODIGO_TIEMPO], [DIA], [MES], [ANIO], [FECHA_REGISTRO]) VALUES (31, 1, 11, 2017, CAST(N'2017-11-01 00:00:00.0000000' AS DateTime2))
GO
INSERT [dbo].[DIM_TIEMPO_USUARIOS] ([CODIGO_TIEMPO], [DIA], [MES], [ANIO], [FECHA_REGISTRO]) VALUES (32, 5, 11, 2017, CAST(N'2017-11-05 00:00:00.0000000' AS DateTime2))
GO
INSERT [dbo].[DIM_TIEMPO_USUARIOS] ([CODIGO_TIEMPO], [DIA], [MES], [ANIO], [FECHA_REGISTRO]) VALUES (33, 19, 11, 2017, CAST(N'2017-11-19 00:00:00.0000000' AS DateTime2))
GO
INSERT [dbo].[DIM_TIEMPO_USUARIOS] ([CODIGO_TIEMPO], [DIA], [MES], [ANIO], [FECHA_REGISTRO]) VALUES (34, 10, 12, 2017, CAST(N'2017-12-10 00:00:00.0000000' AS DateTime2))
GO
INSERT [dbo].[DIM_TIEMPO_USUARIOS] ([CODIGO_TIEMPO], [DIA], [MES], [ANIO], [FECHA_REGISTRO]) VALUES (35, 18, 10, 2018, CAST(N'2018-10-18 00:00:00.0000000' AS DateTime2))
GO
INSERT [dbo].[DIM_TIEMPO_USUARIOS] ([CODIGO_TIEMPO], [DIA], [MES], [ANIO], [FECHA_REGISTRO]) VALUES (36, 19, 10, 2018, CAST(N'2018-10-19 00:00:00.0000000' AS DateTime2))
GO
INSERT [dbo].[DIM_TIEMPO_USUARIOS] ([CODIGO_TIEMPO], [DIA], [MES], [ANIO], [FECHA_REGISTRO]) VALUES (37, 23, 10, 2018, CAST(N'2018-10-23 00:00:00.0000000' AS DateTime2))
GO
INSERT [dbo].[DIM_TIEMPO_USUARIOS] ([CODIGO_TIEMPO], [DIA], [MES], [ANIO], [FECHA_REGISTRO]) VALUES (38, 22, 12, 2018, CAST(N'2018-12-22 00:00:00.0000000' AS DateTime2))
GO
INSERT [dbo].[DIM_TIPO_USUARIO] ([CODIGO_TIPO_USUARIO], [TIPO_USUARIO]) VALUES (1, N'Normal')
GO
INSERT [dbo].[DIM_TIPO_USUARIO] ([CODIGO_TIPO_USUARIO], [TIPO_USUARIO]) VALUES (2, N'Proveedor de Noticias')
GO
INSERT [dbo].[DIM_TIPO_USUARIO] ([CODIGO_TIPO_USUARIO], [TIPO_USUARIO]) VALUES (3, N'Administrador')
GO
INSERT [dbo].[DIM_USUARIOS] ([CODIGO_USUARIO], [NOMBRE], [CORREO], [FECHA_REGISTRO]) VALUES (1, N'Administrador', N'web_admin@flipboard.com', CAST(N'2017-10-19 00:00:00.0000000' AS DateTime2))
GO
INSERT [dbo].[DIM_USUARIOS] ([CODIGO_USUARIO], [NOMBRE], [CORREO], [FECHA_REGISTRO]) VALUES (2, N'Marco Polo', N'marco_99@gmail.com', CAST(N'2017-10-19 00:00:00.0000000' AS DateTime2))
GO
INSERT [dbo].[DIM_USUARIOS] ([CODIGO_USUARIO], [NOMBRE], [CORREO], [FECHA_REGISTRO]) VALUES (3, N'Rosa Betancourt', N'rosybet@gmail.com', CAST(N'2017-10-19 00:00:00.0000000' AS DateTime2))
GO
INSERT [dbo].[DIM_USUARIOS] ([CODIGO_USUARIO], [NOMBRE], [CORREO], [FECHA_REGISTRO]) VALUES (4, N'Abdel Hadi', N'abdel_43@yahoo.com', CAST(N'2017-10-19 00:00:00.0000000' AS DateTime2))
GO
INSERT [dbo].[DIM_USUARIOS] ([CODIGO_USUARIO], [NOMBRE], [CORREO], [FECHA_REGISTRO]) VALUES (5, N'Luis Messen', N'lmessen_43@yahoo.com', CAST(N'2017-11-19 00:00:00.0000000' AS DateTime2))
GO
INSERT [dbo].[DIM_USUARIOS] ([CODIGO_USUARIO], [NOMBRE], [CORREO], [FECHA_REGISTRO]) VALUES (6, N'Ludivine Madej', N'lmadej_43@yahoo.com', CAST(N'2018-10-19 00:00:00.0000000' AS DateTime2))
GO
INSERT [dbo].[DIM_USUARIOS] ([CODIGO_USUARIO], [NOMBRE], [CORREO], [FECHA_REGISTRO]) VALUES (7, N'Marie Valeria', N'mvaleria_43@yahoo.com', CAST(N'2017-12-10 00:00:00.0000000' AS DateTime2))
GO
INSERT [dbo].[DIM_USUARIOS] ([CODIGO_USUARIO], [NOMBRE], [CORREO], [FECHA_REGISTRO]) VALUES (8, N'Andy Weith', N'andywi_43@yahoo.com', CAST(N'2017-10-11 00:00:00.0000000' AS DateTime2))
GO
INSERT [dbo].[DIM_USUARIOS] ([CODIGO_USUARIO], [NOMBRE], [CORREO], [FECHA_REGISTRO]) VALUES (9, N'Bea Ramos', N'bramos_43@yahoo.com', CAST(N'2017-01-19 00:00:00.0000000' AS DateTime2))
GO
INSERT [dbo].[DIM_USUARIOS] ([CODIGO_USUARIO], [NOMBRE], [CORREO], [FECHA_REGISTRO]) VALUES (10, N'Allan Orellana', N'arellana_43@yahoo.com', CAST(N'2017-10-22 00:00:00.0000000' AS DateTime2))
GO
INSERT [dbo].[DIM_USUARIOS] ([CODIGO_USUARIO], [NOMBRE], [CORREO], [FECHA_REGISTRO]) VALUES (11, N'Pedro Suntecun', N'sunpe_43@yahoo.com', CAST(N'2017-01-31 00:00:00.0000000' AS DateTime2))
GO
INSERT [dbo].[DIM_USUARIOS] ([CODIGO_USUARIO], [NOMBRE], [CORREO], [FECHA_REGISTRO]) VALUES (12, N'Clara Castrati', N'claracas_43@yahoo.com', CAST(N'2018-10-18 00:00:00.0000000' AS DateTime2))
GO
INSERT [dbo].[DIM_USUARIOS] ([CODIGO_USUARIO], [NOMBRE], [CORREO], [FECHA_REGISTRO]) VALUES (13, N'Sara Donedu', N'donedus_43@yahoo.com', CAST(N'2018-10-23 00:00:00.0000000' AS DateTime2))
GO
INSERT [dbo].[DIM_USUARIOS] ([CODIGO_USUARIO], [NOMBRE], [CORREO], [FECHA_REGISTRO]) VALUES (14, N'Abel Vera', N'averas_43@yahoo.com', CAST(N'2017-08-07 00:00:00.0000000' AS DateTime2))
GO
INSERT [dbo].[DIM_USUARIOS] ([CODIGO_USUARIO], [NOMBRE], [CORREO], [FECHA_REGISTRO]) VALUES (15, N'Abel Angeles', N'angelese_43@yahoo.com', CAST(N'2018-12-22 00:00:00.0000000' AS DateTime2))
GO
INSERT [dbo].[DIM_USUARIOS] ([CODIGO_USUARIO], [NOMBRE], [CORREO], [FECHA_REGISTRO]) VALUES (16, N'Carla Patricia', N'piopio_43@yahoo.com', CAST(N'2016-12-24 00:00:00.0000000' AS DateTime2))
GO
INSERT [dbo].[DIM_USUARIOS] ([CODIGO_USUARIO], [NOMBRE], [CORREO], [FECHA_REGISTRO]) VALUES (17, N'Charles Manson', N'cmanson_43@yahoo.com', CAST(N'2016-08-19 00:00:00.0000000' AS DateTime2))
GO
INSERT [dbo].[DIM_USUARIOS] ([CODIGO_USUARIO], [NOMBRE], [CORREO], [FECHA_REGISTRO]) VALUES (18, N'Mauicio Matamoros', N'matamoros_43@yahoo.com', CAST(N'2016-12-18 00:00:00.0000000' AS DateTime2))
GO
INSERT [dbo].[DIM_USUARIOS] ([CODIGO_USUARIO], [NOMBRE], [CORREO], [FECHA_REGISTRO]) VALUES (19, N'Enrique Lardizabal', N'elardi_43@yahoo.com', CAST(N'2016-10-01 00:00:00.0000000' AS DateTime2))
GO
INSERT [dbo].[DIM_USUARIOS] ([CODIGO_USUARIO], [NOMBRE], [CORREO], [FECHA_REGISTRO]) VALUES (20, N'Patricia Fernandez', N'pafernand_43@yahoo.com', CAST(N'2017-07-07 00:00:00.0000000' AS DateTime2))
GO
INSERT [dbo].[DIM_USUARIOS] ([CODIGO_USUARIO], [NOMBRE], [CORREO], [FECHA_REGISTRO]) VALUES (21, N'Marcos Alcantara', N'mlcantara_43@yahoo.com', CAST(N'2016-11-11 00:00:00.0000000' AS DateTime2))
GO
INSERT [dbo].[DIM_USUARIOS] ([CODIGO_USUARIO], [NOMBRE], [CORREO], [FECHA_REGISTRO]) VALUES (22, N'Marcos Cueva', N'amcueva_43@yahoo.com', CAST(N'2017-05-05 00:00:00.0000000' AS DateTime2))
GO
INSERT [dbo].[DIM_USUARIOS] ([CODIGO_USUARIO], [NOMBRE], [CORREO], [FECHA_REGISTRO]) VALUES (23, N'Alessia Giacobbe', N'agiacobbe_43@yahoo.com', CAST(N'2017-06-06 00:00:00.0000000' AS DateTime2))
GO
INSERT [dbo].[DIM_USUARIOS] ([CODIGO_USUARIO], [NOMBRE], [CORREO], [FECHA_REGISTRO]) VALUES (24, N'Julia Marzia', N'jmarzia_43@yahoo.com', CAST(N'2017-03-31 00:00:00.0000000' AS DateTime2))
GO
INSERT [dbo].[DIM_USUARIOS] ([CODIGO_USUARIO], [NOMBRE], [CORREO], [FECHA_REGISTRO]) VALUES (25, N'Raul Elvir', N'aelvir_43@yahoo.com', CAST(N'2016-12-16 00:00:00.0000000' AS DateTime2))
GO
INSERT [dbo].[DIM_USUARIOS] ([CODIGO_USUARIO], [NOMBRE], [CORREO], [FECHA_REGISTRO]) VALUES (26, N'Rony Trochez', N'ptrochez_43@yahoo.com', CAST(N'2017-05-02 00:00:00.0000000' AS DateTime2))
GO
INSERT [dbo].[DIM_USUARIOS] ([CODIGO_USUARIO], [NOMBRE], [CORREO], [FECHA_REGISTRO]) VALUES (27, N'Alessa Martinez', N'amarti_43@yahoo.com', CAST(N'2016-01-07 00:00:00.0000000' AS DateTime2))
GO
INSERT [dbo].[DIM_USUARIOS] ([CODIGO_USUARIO], [NOMBRE], [CORREO], [FECHA_REGISTRO]) VALUES (28, N'Taufik Azzad', N'tautau_43@yahoo.com', CAST(N'2016-04-29 00:00:00.0000000' AS DateTime2))
GO
INSERT [dbo].[DIM_USUARIOS] ([CODIGO_USUARIO], [NOMBRE], [CORREO], [FECHA_REGISTRO]) VALUES (29, N'Alberto Einstein', N'einstein_43@yahoo.com', CAST(N'2017-11-05 00:00:00.0000000' AS DateTime2))
GO
INSERT [dbo].[DIM_USUARIOS] ([CODIGO_USUARIO], [NOMBRE], [CORREO], [FECHA_REGISTRO]) VALUES (30, N'Sussana Maria', N'susma_43@yahoo.com', CAST(N'2017-09-02 00:00:00.0000000' AS DateTime2))
GO
INSERT [dbo].[DIM_USUARIOS] ([CODIGO_USUARIO], [NOMBRE], [CORREO], [FECHA_REGISTRO]) VALUES (31, N'Gabriela Sussman', N'susiman_43@yahoo.com', CAST(N'2017-10-19 00:00:00.0000000' AS DateTime2))
GO
INSERT [dbo].[DIM_USUARIOS] ([CODIGO_USUARIO], [NOMBRE], [CORREO], [FECHA_REGISTRO]) VALUES (32, N'Hagia Schulz', N'sofias_43@yahoo.com', CAST(N'2017-01-24 00:00:00.0000000' AS DateTime2))
GO
INSERT [dbo].[DIM_USUARIOS] ([CODIGO_USUARIO], [NOMBRE], [CORREO], [FECHA_REGISTRO]) VALUES (33, N'National Geographic', N'NationalGeographic@natgeo.com', CAST(N'2017-10-19 00:00:00.0000000' AS DateTime2))
GO
INSERT [dbo].[DIM_USUARIOS] ([CODIGO_USUARIO], [NOMBRE], [CORREO], [FECHA_REGISTRO]) VALUES (34, N'REVISTA ¡HOLA!', N'revistahola@hotmail.com', CAST(N'2017-03-05 00:00:00.0000000' AS DateTime2))
GO
INSERT [dbo].[DIM_USUARIOS] ([CODIGO_USUARIO], [NOMBRE], [CORREO], [FECHA_REGISTRO]) VALUES (35, N'XATAKA', N'xataka@xataka.com', CAST(N'2017-11-01 00:00:00.0000000' AS DateTime2))
GO
INSERT [dbo].[DIM_USUARIOS] ([CODIGO_USUARIO], [NOMBRE], [CORREO], [FECHA_REGISTRO]) VALUES (36, N'HIPERTEXTUAL', N'hipertextual12@hipertextual12.com', CAST(N'2015-10-19 00:00:00.0000000' AS DateTime2))
GO
INSERT [dbo].[DIM_USUARIOS] ([CODIGO_USUARIO], [NOMBRE], [CORREO], [FECHA_REGISTRO]) VALUES (37, N'MOTORPASIÓN', N'motorpasion@motorpasion.com', CAST(N'2013-05-04 00:00:00.0000000' AS DateTime2))
GO
INSERT [dbo].[DIM_USUARIOS] ([CODIGO_USUARIO], [NOMBRE], [CORREO], [FECHA_REGISTRO]) VALUES (38, N'DIRECTO AL PALADAR', N'directoalpaladar@directoalpaladar.com', CAST(N'2012-11-20 00:00:00.0000000' AS DateTime2))
GO
INSERT [dbo].[HECHOS_DATOS_USUARIOS] ([CODIGO_USUARIO], [CANTIDAD_CONFIGURACIONES], [INGRESOS_X_USUARIO], [CODIGO_TIPO_USUARIO], [CANTIDAD_INTERESES], [CODIGO_TIEMPO]) VALUES (38, 0, 1, 2, 4, 1)
GO
INSERT [dbo].[HECHOS_DATOS_USUARIOS] ([CODIGO_USUARIO], [CANTIDAD_CONFIGURACIONES], [INGRESOS_X_USUARIO], [CODIGO_TIPO_USUARIO], [CANTIDAD_INTERESES], [CODIGO_TIEMPO]) VALUES (37, 0, 1, 2, 4, 2)
GO
INSERT [dbo].[HECHOS_DATOS_USUARIOS] ([CODIGO_USUARIO], [CANTIDAD_CONFIGURACIONES], [INGRESOS_X_USUARIO], [CODIGO_TIPO_USUARIO], [CANTIDAD_INTERESES], [CODIGO_TIEMPO]) VALUES (36, 0, 1, 2, 7, 3)
GO
INSERT [dbo].[HECHOS_DATOS_USUARIOS] ([CODIGO_USUARIO], [CANTIDAD_CONFIGURACIONES], [INGRESOS_X_USUARIO], [CODIGO_TIPO_USUARIO], [CANTIDAD_INTERESES], [CODIGO_TIEMPO]) VALUES (27, 1, 1, 1, 5, 4)
GO
INSERT [dbo].[HECHOS_DATOS_USUARIOS] ([CODIGO_USUARIO], [CANTIDAD_CONFIGURACIONES], [INGRESOS_X_USUARIO], [CODIGO_TIPO_USUARIO], [CANTIDAD_INTERESES], [CODIGO_TIEMPO]) VALUES (28, 2, 1, 1, 6, 5)
GO
INSERT [dbo].[HECHOS_DATOS_USUARIOS] ([CODIGO_USUARIO], [CANTIDAD_CONFIGURACIONES], [INGRESOS_X_USUARIO], [CODIGO_TIPO_USUARIO], [CANTIDAD_INTERESES], [CODIGO_TIEMPO]) VALUES (17, 3, 6, 1, 7, 6)
GO
INSERT [dbo].[HECHOS_DATOS_USUARIOS] ([CODIGO_USUARIO], [CANTIDAD_CONFIGURACIONES], [INGRESOS_X_USUARIO], [CODIGO_TIPO_USUARIO], [CANTIDAD_INTERESES], [CODIGO_TIEMPO]) VALUES (19, 1, 6, 1, 13, 7)
GO
INSERT [dbo].[HECHOS_DATOS_USUARIOS] ([CODIGO_USUARIO], [CANTIDAD_CONFIGURACIONES], [INGRESOS_X_USUARIO], [CODIGO_TIPO_USUARIO], [CANTIDAD_INTERESES], [CODIGO_TIEMPO]) VALUES (21, 3, 4, 1, 4, 8)
GO
INSERT [dbo].[HECHOS_DATOS_USUARIOS] ([CODIGO_USUARIO], [CANTIDAD_CONFIGURACIONES], [INGRESOS_X_USUARIO], [CODIGO_TIPO_USUARIO], [CANTIDAD_INTERESES], [CODIGO_TIEMPO]) VALUES (25, 3, 1, 1, 8, 9)
GO
INSERT [dbo].[HECHOS_DATOS_USUARIOS] ([CODIGO_USUARIO], [CANTIDAD_CONFIGURACIONES], [INGRESOS_X_USUARIO], [CODIGO_TIPO_USUARIO], [CANTIDAD_INTERESES], [CODIGO_TIEMPO]) VALUES (18, 2, 6, 1, 12, 10)
GO
INSERT [dbo].[HECHOS_DATOS_USUARIOS] ([CODIGO_USUARIO], [CANTIDAD_CONFIGURACIONES], [INGRESOS_X_USUARIO], [CODIGO_TIPO_USUARIO], [CANTIDAD_INTERESES], [CODIGO_TIEMPO]) VALUES (16, 3, 6, 1, 3, 11)
GO
INSERT [dbo].[HECHOS_DATOS_USUARIOS] ([CODIGO_USUARIO], [CANTIDAD_CONFIGURACIONES], [INGRESOS_X_USUARIO], [CODIGO_TIPO_USUARIO], [CANTIDAD_INTERESES], [CODIGO_TIEMPO]) VALUES (9, 1, 5, 1, 5, 12)
GO
INSERT [dbo].[HECHOS_DATOS_USUARIOS] ([CODIGO_USUARIO], [CANTIDAD_CONFIGURACIONES], [INGRESOS_X_USUARIO], [CODIGO_TIPO_USUARIO], [CANTIDAD_INTERESES], [CODIGO_TIEMPO]) VALUES (32, 2, 0, 1, 8, 13)
GO
INSERT [dbo].[HECHOS_DATOS_USUARIOS] ([CODIGO_USUARIO], [CANTIDAD_CONFIGURACIONES], [INGRESOS_X_USUARIO], [CODIGO_TIPO_USUARIO], [CANTIDAD_INTERESES], [CODIGO_TIEMPO]) VALUES (11, 4, 6, 1, 5, 14)
GO
INSERT [dbo].[HECHOS_DATOS_USUARIOS] ([CODIGO_USUARIO], [CANTIDAD_CONFIGURACIONES], [INGRESOS_X_USUARIO], [CODIGO_TIPO_USUARIO], [CANTIDAD_INTERESES], [CODIGO_TIEMPO]) VALUES (34, 0, 1, 2, 7, 15)
GO
INSERT [dbo].[HECHOS_DATOS_USUARIOS] ([CODIGO_USUARIO], [CANTIDAD_CONFIGURACIONES], [INGRESOS_X_USUARIO], [CODIGO_TIPO_USUARIO], [CANTIDAD_INTERESES], [CODIGO_TIEMPO]) VALUES (24, 2, 2, 1, 2, 16)
GO
INSERT [dbo].[HECHOS_DATOS_USUARIOS] ([CODIGO_USUARIO], [CANTIDAD_CONFIGURACIONES], [INGRESOS_X_USUARIO], [CODIGO_TIPO_USUARIO], [CANTIDAD_INTERESES], [CODIGO_TIEMPO]) VALUES (26, 1, 1, 1, 6, 17)
GO
INSERT [dbo].[HECHOS_DATOS_USUARIOS] ([CODIGO_USUARIO], [CANTIDAD_CONFIGURACIONES], [INGRESOS_X_USUARIO], [CODIGO_TIPO_USUARIO], [CANTIDAD_INTERESES], [CODIGO_TIEMPO]) VALUES (22, 3, 1, 1, 10, 18)
GO
INSERT [dbo].[HECHOS_DATOS_USUARIOS] ([CODIGO_USUARIO], [CANTIDAD_CONFIGURACIONES], [INGRESOS_X_USUARIO], [CODIGO_TIPO_USUARIO], [CANTIDAD_INTERESES], [CODIGO_TIEMPO]) VALUES (23, 4, 1, 1, 5, 19)
GO
INSERT [dbo].[HECHOS_DATOS_USUARIOS] ([CODIGO_USUARIO], [CANTIDAD_CONFIGURACIONES], [INGRESOS_X_USUARIO], [CODIGO_TIPO_USUARIO], [CANTIDAD_INTERESES], [CODIGO_TIEMPO]) VALUES (20, 4, 5, 1, 6, 20)
GO
INSERT [dbo].[HECHOS_DATOS_USUARIOS] ([CODIGO_USUARIO], [CANTIDAD_CONFIGURACIONES], [INGRESOS_X_USUARIO], [CODIGO_TIPO_USUARIO], [CANTIDAD_INTERESES], [CODIGO_TIEMPO]) VALUES (14, 2, 6, 1, 7, 21)
GO
INSERT [dbo].[HECHOS_DATOS_USUARIOS] ([CODIGO_USUARIO], [CANTIDAD_CONFIGURACIONES], [INGRESOS_X_USUARIO], [CODIGO_TIPO_USUARIO], [CANTIDAD_INTERESES], [CODIGO_TIEMPO]) VALUES (30, 2, 1, 1, 8, 22)
GO
INSERT [dbo].[HECHOS_DATOS_USUARIOS] ([CODIGO_USUARIO], [CANTIDAD_CONFIGURACIONES], [INGRESOS_X_USUARIO], [CODIGO_TIPO_USUARIO], [CANTIDAD_INTERESES], [CODIGO_TIEMPO]) VALUES (8, 3, 4, 1, 5, 23)
GO
INSERT [dbo].[HECHOS_DATOS_USUARIOS] ([CODIGO_USUARIO], [CANTIDAD_CONFIGURACIONES], [INGRESOS_X_USUARIO], [CODIGO_TIPO_USUARIO], [CANTIDAD_INTERESES], [CODIGO_TIEMPO]) VALUES (1, 1, 6, 3, 4, 24)
GO
INSERT [dbo].[HECHOS_DATOS_USUARIOS] ([CODIGO_USUARIO], [CANTIDAD_CONFIGURACIONES], [INGRESOS_X_USUARIO], [CODIGO_TIPO_USUARIO], [CANTIDAD_INTERESES], [CODIGO_TIEMPO]) VALUES (2, 3, 5, 1, 0, 25)
GO
INSERT [dbo].[HECHOS_DATOS_USUARIOS] ([CODIGO_USUARIO], [CANTIDAD_CONFIGURACIONES], [INGRESOS_X_USUARIO], [CODIGO_TIPO_USUARIO], [CANTIDAD_INTERESES], [CODIGO_TIEMPO]) VALUES (3, 4, 6, 1, 6, 26)
GO
INSERT [dbo].[HECHOS_DATOS_USUARIOS] ([CODIGO_USUARIO], [CANTIDAD_CONFIGURACIONES], [INGRESOS_X_USUARIO], [CODIGO_TIPO_USUARIO], [CANTIDAD_INTERESES], [CODIGO_TIEMPO]) VALUES (4, 3, 4, 1, 4, 27)
GO
INSERT [dbo].[HECHOS_DATOS_USUARIOS] ([CODIGO_USUARIO], [CANTIDAD_CONFIGURACIONES], [INGRESOS_X_USUARIO], [CODIGO_TIPO_USUARIO], [CANTIDAD_INTERESES], [CODIGO_TIEMPO]) VALUES (31, 1, 1, 1, 9, 28)
GO
INSERT [dbo].[HECHOS_DATOS_USUARIOS] ([CODIGO_USUARIO], [CANTIDAD_CONFIGURACIONES], [INGRESOS_X_USUARIO], [CODIGO_TIPO_USUARIO], [CANTIDAD_INTERESES], [CODIGO_TIEMPO]) VALUES (33, 0, 0, 2, 6, 29)
GO
INSERT [dbo].[HECHOS_DATOS_USUARIOS] ([CODIGO_USUARIO], [CANTIDAD_CONFIGURACIONES], [INGRESOS_X_USUARIO], [CODIGO_TIPO_USUARIO], [CANTIDAD_INTERESES], [CODIGO_TIEMPO]) VALUES (10, 3, 6, 1, 9, 30)
GO
INSERT [dbo].[HECHOS_DATOS_USUARIOS] ([CODIGO_USUARIO], [CANTIDAD_CONFIGURACIONES], [INGRESOS_X_USUARIO], [CODIGO_TIPO_USUARIO], [CANTIDAD_INTERESES], [CODIGO_TIEMPO]) VALUES (35, 0, 1, 2, 4, 31)
GO
INSERT [dbo].[HECHOS_DATOS_USUARIOS] ([CODIGO_USUARIO], [CANTIDAD_CONFIGURACIONES], [INGRESOS_X_USUARIO], [CODIGO_TIPO_USUARIO], [CANTIDAD_INTERESES], [CODIGO_TIEMPO]) VALUES (29, 3, 1, 1, 6, 32)
GO
INSERT [dbo].[HECHOS_DATOS_USUARIOS] ([CODIGO_USUARIO], [CANTIDAD_CONFIGURACIONES], [INGRESOS_X_USUARIO], [CODIGO_TIPO_USUARIO], [CANTIDAD_INTERESES], [CODIGO_TIEMPO]) VALUES (5, 3, 4, 1, 6, 33)
GO
INSERT [dbo].[HECHOS_DATOS_USUARIOS] ([CODIGO_USUARIO], [CANTIDAD_CONFIGURACIONES], [INGRESOS_X_USUARIO], [CODIGO_TIPO_USUARIO], [CANTIDAD_INTERESES], [CODIGO_TIEMPO]) VALUES (7, 2, 4, 1, 7, 34)
GO
INSERT [dbo].[HECHOS_DATOS_USUARIOS] ([CODIGO_USUARIO], [CANTIDAD_CONFIGURACIONES], [INGRESOS_X_USUARIO], [CODIGO_TIPO_USUARIO], [CANTIDAD_INTERESES], [CODIGO_TIEMPO]) VALUES (12, 5, 6, 1, 5, 35)
GO
INSERT [dbo].[HECHOS_DATOS_USUARIOS] ([CODIGO_USUARIO], [CANTIDAD_CONFIGURACIONES], [INGRESOS_X_USUARIO], [CODIGO_TIPO_USUARIO], [CANTIDAD_INTERESES], [CODIGO_TIEMPO]) VALUES (6, 2, 4, 1, 6, 36)
GO
INSERT [dbo].[HECHOS_DATOS_USUARIOS] ([CODIGO_USUARIO], [CANTIDAD_CONFIGURACIONES], [INGRESOS_X_USUARIO], [CODIGO_TIPO_USUARIO], [CANTIDAD_INTERESES], [CODIGO_TIEMPO]) VALUES (13, 5, 6, 1, 3, 37)
GO
INSERT [dbo].[HECHOS_DATOS_USUARIOS] ([CODIGO_USUARIO], [CANTIDAD_CONFIGURACIONES], [INGRESOS_X_USUARIO], [CODIGO_TIPO_USUARIO], [CANTIDAD_INTERESES], [CODIGO_TIEMPO]) VALUES (15, 1, 6, 1, 5, 38)
GO
ALTER TABLE [dbo].[HECHOS_DATOS_USUARIOS]  WITH CHECK ADD  CONSTRAINT [FK_HECHOS_DATOS_USUARIOS_DIM_TIEMPO_USUARIOS] FOREIGN KEY([CODIGO_TIEMPO])
REFERENCES [dbo].[DIM_TIEMPO_USUARIOS] ([CODIGO_TIEMPO])
GO
ALTER TABLE [dbo].[HECHOS_DATOS_USUARIOS] CHECK CONSTRAINT [FK_HECHOS_DATOS_USUARIOS_DIM_TIEMPO_USUARIOS]
GO
ALTER TABLE [dbo].[HECHOS_DATOS_USUARIOS]  WITH CHECK ADD  CONSTRAINT [FK_HECHOS_DATOS_USUARIOS_DIM_TIPO_USUARIO] FOREIGN KEY([CODIGO_TIPO_USUARIO])
REFERENCES [dbo].[DIM_TIPO_USUARIO] ([CODIGO_TIPO_USUARIO])
GO
ALTER TABLE [dbo].[HECHOS_DATOS_USUARIOS] CHECK CONSTRAINT [FK_HECHOS_DATOS_USUARIOS_DIM_TIPO_USUARIO]
GO
ALTER TABLE [dbo].[HECHOS_DATOS_USUARIOS]  WITH CHECK ADD  CONSTRAINT [FK_HECHOS_DATOS_USUARIOS_DIM_USUARIOS] FOREIGN KEY([CODIGO_USUARIO])
REFERENCES [dbo].[DIM_USUARIOS] ([CODIGO_USUARIO])
GO
ALTER TABLE [dbo].[HECHOS_DATOS_USUARIOS] CHECK CONSTRAINT [FK_HECHOS_DATOS_USUARIOS_DIM_USUARIOS]
GO
ALTER TABLE [dbo].[HECHOS_IMPACTO_NOTICIA]  WITH CHECK ADD  CONSTRAINT [FK_HECHOS_IMPACTO_NOTICIA_DIM_CATEGORIAS] FOREIGN KEY([CODIGO_CATEGORIA])
REFERENCES [dbo].[DIM_CATEGORIAS] ([CODIGO_CATEGORIA])
GO
ALTER TABLE [dbo].[HECHOS_IMPACTO_NOTICIA] CHECK CONSTRAINT [FK_HECHOS_IMPACTO_NOTICIA_DIM_CATEGORIAS]
GO
ALTER TABLE [dbo].[HECHOS_IMPACTO_NOTICIA]  WITH CHECK ADD  CONSTRAINT [FK_HECHOS_IMPACTO_NOTICIA_DIM_NOTICIAS] FOREIGN KEY([CODIGO_NOTICIA])
REFERENCES [dbo].[DIM_NOTICIAS] ([CODIGO_NOTICIA])
GO
ALTER TABLE [dbo].[HECHOS_IMPACTO_NOTICIA] CHECK CONSTRAINT [FK_HECHOS_IMPACTO_NOTICIA_DIM_NOTICIAS]
GO
ALTER TABLE [dbo].[HECHOS_IMPACTO_NOTICIA]  WITH CHECK ADD  CONSTRAINT [FK_HECHOS_IMPACTO_NOTICIA_DIM_TIEMPO_NOTICIAS] FOREIGN KEY([CODIGO_TIEMPO])
REFERENCES [dbo].[DIM_TIEMPO_NOTICIAS] ([CODIGO_TIEMPO])
GO
ALTER TABLE [dbo].[HECHOS_IMPACTO_NOTICIA] CHECK CONSTRAINT [FK_HECHOS_IMPACTO_NOTICIA_DIM_TIEMPO_NOTICIAS]
GO
